Workbook
Name Slicer_Department: #N/A
Name Slicer_Education_Field2: #N/A
Name Slicer_Gender2: #N/A

Sheet Dashboard

Sheet Sheet1
A3: Count of Employee Number | B3: Count of Attrition | C3: Average of Age | D3: Sum of CF_attrition count
A4: 882 | B4: 882 | C4: 36.653061 | D4: 150
A6: Total Employees | B6: Attrition Count | C6: Average Age | D6: Active Employees | E6: Attrition Rate
A7: =GETPIVOTDATA("Count of Employee Number",$A$3) -> 882 | B7: =GETPIVOTDATA("Sum of CF_attrition count",$A$3) -> 150 | C7: =GETPIVOTDATA("Average of Age",$A$3) -> 36.653061 | D7: =A7-B7 -> 732 | E7: =B7/A7 -> 0.17006803

Sheet Sheet2
A3: Average of Job Satisfaction
A4: 2.6530612
A6: Rating | B6: =GETPIVOTDATA("Job Satisfaction",$A$3) -> 2.6530612 | C6: =B6/4 -> 0.66326531
A7: Balance rating | B7: =4-GETPIVOTDATA("Job Satisfaction",$A$3) -> 1.3469388 | C7: =B7/4 -> 0.33673469

Sheet Sheet3
A3: Row Labels | B3: Count of Employee Count
A4: Male | B4: 882
A5: Grand Total | B5: 882
A8: male | B8: =IFERROR(GETPIVOTDATA("Employee Count",$A$3,"Gender","Female"),0) -> 0 | C8: =IFERROR(B8/($B$8+$B$9),0) -> 0
A9: female | B9: =IFERROR(GETPIVOTDATA("Employee Count",$A$3,"Gender","Male"),0) -> 882 | C9: =IFERROR(B9/($B$8+$B$9),0) -> 1

Sheet Sheet4
A3: Row Labels | B3: Sum of CF_attrition count
A4: Doctoral Degree | B4: 2
A5: High School | B5: 20
A6: Associates Degree | B6: 25
A7: Master's Degree | B7: 42
A8: Bachelor's Degree | B8: 61
A9: Grand Total | B9: 150

Sheet Sheet5
A3: Row Labels | B3: Sum of CF_attrition count | D3: job role | E3: attrition
A4: Healthcare Representative | B4: 4 | D4: =A4 -> Healthcare Representative | E4: =GETPIVOTDATA("CF_attrition count",$A$3,"Job Role",A4) -> 4
A5: Human Resources | B5: 6 | D5: =A5 -> Human Resources | E5: =GETPIVOTDATA("CF_attrition count",$A$3,"Job Role",A5) -> 6
A6: Laboratory Technician | B6: 46 | D6: =A6 -> Laboratory Technician | E6: =GETPIVOTDATA("CF_attrition count",$A$3,"Job Role",A6) -> 46
A7: Manager | B7: 3 | D7: =A7 -> Manager | E7: =GETPIVOTDATA("CF_attrition count",$A$3,"Job Role",A7) -> 3
A8: Manufacturing Director | B8: 6 | D8: =A8 -> Manufacturing Director | E8: =GETPIVOTDATA("CF_attrition count",$A$3,"Job Role",A8) -> 6
A9: Research Director | B9: 1 | D9: =A9 -> Research Director | E9: =GETPIVOTDATA("CF_attrition count",$A$3,"Job Role",A9) -> 1
A10: Research Scientist | B10: 30 | D10: =A10 -> Research Scientist | E10: =GETPIVOTDATA("CF_attrition count",$A$3,"Job Role",A10) -> 30
A11: Sales Executive | B11: 37 | D11: =A11 -> Sales Executive | E11: =GETPIVOTDATA("CF_attrition count",$A$3,"Job Role",A11) -> 37
A12: Sales Representative | B12: 17 | D12: =A12 -> Sales Representative | E12: =GETPIVOTDATA("CF_attrition count",$A$3,"Job Role",A12) -> 17
A13: Grand Total | B13: 150

Sheet Sheet6
A3: Row Labels | B3: Sum of CF_attrition count
A4: HR | B4: 0.04
A5: R&D | B5: 0.6
A6: Sales | B6: 0.36
A7: Grand Total | B7: 1

Sheet Sheet7
A3: Row Labels | B3: Sum of CF_attrition count
A4: 25 - 34 | B4: 69
A5: 35 - 44 | B5: 37
A6: Under 25 | B6: 20
A7: 45 - 54 | B7: 16
A8: Over 55 | B8: 8
A9: Grand Total | B9: 150
A13: Row Labels | B13: Count of Attrition | D13: marital status | E13: att
A14: Divorced | B14: 210 | D14: =A14 -> Divorced | E14: =B14 -> 210
A15: Single | B15: 271 | D15: =A15 -> Single | E15: =B15 -> 271
A16: Married | B16: 401 | D16: =A16 -> Married | E16: =B16 -> 401
A17: Grand Total | B17: 882

Sheet practice
A2: Education Field | B2: Job Role | C2: Headcount | D2: Salary | E2: Avg Salary | H2: Current Emp | I2: median salary | J2: female ratio | K2: department | L2: total | M2: =COUNTA(_xlfn.ANCHORARRAY(K3)) -> 10
A3: Marketing | B3: Human Resources | C3: =COUNTIFS([1]!Table_1[Job Role],practice!B3) -> 52 | D3: {=SUMIFS([1]!Table_1[Monthly Income],[1]!Table_1[Job Role],practice!B3:B11)} -> 220259 | E3: {=AVERAGEIFS([1]!Table_1[Monthly Income],[1]!Table_1[Job Role],B3:B11)} -> 4235.75 | H3: =COUNTIFS([1]!Table_1[Job Role],practice!B3,[1]!Table_1[CF_attrition label],"Current Employees") -> 40 | K3: {=_xlfn._xlws.SORT(_xlfn.UNIQUE([1]!Table_1[Job Role]))} -> Healthcare Representative
A4: Technical Degree | B4: Sales Executive | C4: =COUNTIFS([1]!Table_1[Job Role],practice!B4) -> 326 | D4: 2257315 | E4: 6924.2791 | H4: =COUNTIFS([1]!Table_1[Job Role],practice!B4,[1]!Table_1[CF_attrition label],"Current Employees") -> 269 | K4: Human Resources
A5: Life Sciences | B5: Research Scientist | C5: =COUNTIFS([1]!Table_1[Job Role],practice!B5) -> 292 | D5: 946072 | E5: 3239.9726 | H5: =COUNTIFS([1]!Table_1[Job Role],practice!B5,[1]!Table_1[CF_attrition label],"Current Employees") -> 245 | K5: Laboratory Technician
A6: Life Sciences | B6: Sales Representative | C6: =COUNTIFS([1]!Table_1[Job Role],practice!B6) -> 83 | D6: 217958 | E6: 2626 | H6: =COUNTIFS([1]!Table_1[Job Role],practice!B6,[1]!Table_1[CF_attrition label],"Current Employees") -> 50 | K6: Manager
A7: Medical | B7: Laboratory Technician | C7: =COUNTIFS([1]!Table_1[Job Role],practice!B7) -> 259 | D7: 838427 | E7: 3237.1699 | H7: =COUNTIFS([1]!Table_1[Job Role],practice!B7,[1]!Table_1[CF_attrition label],"Current Employees") -> 197 | K7: Manufacturing Director
A8: Technical Degree | B8: Healthcare Representative | C8: =COUNTIFS([1]!Table_1[Job Role],practice!B8) -> 131 | D8: 986268 | E8: 7528.7634 | H8: =COUNTIFS([1]!Table_1[Job Role],practice!B8,[1]!Table_1[CF_attrition label],"Current Employees") -> 122 | K8: Research Analyzer
A9: Marketing | B9: Manufacturing Director | C9: =COUNTIFS([1]!Table_1[Job Role],practice!B9) -> 145 | D9: 1057795 | E9: 7295.1379 | H9: =COUNTIFS([1]!Table_1[Job Role],practice!B9,[1]!Table_1[CF_attrition label],"Current Employees") -> 135 | K9: Research Director
A10: Medical | B10: Manager | C10: =COUNTIFS([1]!Table_1[Job Role],practice!B10) -> 102 | D10: 1752604 | E10: 17182.392 | H10: =COUNTIFS([1]!Table_1[Job Role],practice!B10,[1]!Table_1[CF_attrition label],"Current Employees") -> 97 | K10: Research Scientist
A11: Technical Degree | B11: Research Director | C11: =COUNTIFS([1]!Table_1[Job Role],practice!B11) -> 78 | D11: 1244399 | E11: 15953.833 | H11: =COUNTIFS([1]!Table_1[Job Role],practice!B11,[1]!Table_1[CF_attrition label],"Current Employees") -> 77 | K11: Sales Executive
C12: =SUM(C3:C11) -> 1468 | D12: =SUM(_xlfn.ANCHORARRAY(D3)) -> 9521097 | E12: =SUM(_xlfn.ANCHORARRAY(E3)) -> 68223.298 | H12: =SUM(H3:H11) -> 1232 | K12: Sales Representative
C13: =[1]!Table_1[[#Headers],[emp no]] -> emp no
B14: Salary >10000 | C14: {=_xlfn.TAKE(_xlfn._xlws.FILTER([1]!Table_1[emp no],[1]!Table_1[Monthly Income],[1]!Table_1[Monthly Income]>15000),6)} -> STAFF-1 | D14: =_xlfn.XLOOKUP(MAX([1]!Table_1[Monthly Income]),[1]!Table_1[Monthly Income],[1]!Table_1[Department]) -> R&D | H14: {=_xlfn.TAKE(_xlfn._xlws.FILTER([1]!Table_1[#Data],([1]!Table_1[Monthly Income]>18000)*([1]!Table_1[Gender]="Female")),5)} -> No | I14: Travel_Rarely | J14: 45 - 54 | K14: Current Employees | L14: R&D | M14: Other | N14: STAFF-32 | O14: 32 | P14: Female | Q14: Manager | R14: Divorced | S14: No | T14: Y | U14: 3 | V14: -2 | W14: 0 | X14: 53 | Y14: 0 | Z14: 0 | AA14: 0 | AB14: 1 | AC14: 1282 | AD14: 5 | AE14: Bachelor's Degree | AF14: 1 | AG14: 3 | AH14: 58 | AI14: 3 | AJ14: 5 | AK14: 3 | AL14: 19094 | AM14: 10735 | AN14: 4 | AO14: 11 | AP14: 3 | AQ14: 4 | AR14: 80 | AS14: 1 | AT14: 26 | AU14: 2 | AV14: 14 | AW14: 13 | AX14: 4 | AY14: 8
C15: STAFF-2 | D15: {=_xlfn._xlws.FILTER([1]!Table_1[emp no],[1]!Table_1[Monthly Income]=MAX([1]!Table_1[Monthly Income]))} -> STAFF-226 | E15: {=_xlfn.TEXTJOIN(",",,_xlfn._xlws.FILTER([1]!Table_1[emp no],[1]!Table_1[Monthly Income]=MAX([1]!Table_1[Monthly Income])))} -> STAFF-226,STAFF-259 | H15: No | I15: Travel_Rarely | J15: 45 - 54 | K15: Current Employees | L15: Sales | M15: Marketing | N15: STAFF-38 | O15: 38 | P15: Female | Q15: Manager | R15: Single | S15: No | T15: Y | U15: 2 | V15: -2 | W15: 0 | X15: 46 | Y15: 0 | Z15: 0 | AA15: 0 | AB15: 1 | AC15: 705 | AD15: 2 | AE15: Master's Degree | AF15: 1 | AG15: 2 | AH15: 83 | AI15: 3 | AJ15: 5 | AK15: 4 | AL15: 18947 | AM15: 22822 | AN15: 3 | AO15: 12 | AP15: 3 | AQ15: 4 | AR15: 80 | AS15: 0 | AT15: 22 | AU15: 2 | AV15: 2 | AW15: 2 | AX15: 2 | AY15: 1
C16: STAFF-4 | D16: STAFF-259 | H16: Yes | I16: Travel_Rarely | J16: 35 - 44 | K16: Ex-Employees | L16: R&D | M16: Technical Degree | N16: STAFF-58 | O16: 58 | P16: Female | Q16: Research Analyzer | R16: Married | S16: No | T16: Y | U16: 0 | V16: -2 | W16: 0 | X16: 41 | Y16: 1 | Z16: 1 | AA16: 1 | AB16: 0 | AC16: 1360 | AD16: 12 | AE16: Bachelor's Degree | AF16: 1 | AG16: 2 | AH16: 49 | AI16: 3 | AJ16: 5 | AK16: 3 | AL16: 19545 | AM16: 16280 | AN16: 1 | AO16: 12 | AP16: 3 | AQ16: 4 | AR16: 80 | AS16: 0 | AT16: 23 | AU16: 3 | AV16: 22 | AW16: 15 | AX16: 15 | AY16: 8
C17: STAFF-5 | H17: No | I17: Travel_Rarely | J17: 45 - 54 | K17: Current Employees | L17: R&D | M17: Medical | N17: STAFF-80 | O17: 80 | P17: Female | Q17: Research Analyzer | R17: Divorced | S17: Yes | T17: Y | U17: 2 | V17: -2 | W17: 0 | X17: 50 | Y17: 0 | Z17: 0 | AA17: 0 | AB17: 1 | AC17: 989 | AD17: 7 | AE17: Associates Degree | AF17: 1 | AG17: 2 | AH17: 43 | AI17: 2 | AJ17: 5 | AK17: 3 | AL17: 18740 | AM17: 16701 | AN17: 5 | AO17: 12 | AP17: 3 | AQ17: 4 | AR17: 80 | AS17: 1 | AT17: 29 | AU17: 2 | AV17: 27 | AW17: 3 | AX17: 13 | AY17: 8
C18: STAFF-7 | H18: No | I18: Non-Travel | J18: Over 55 | K18: Current Employees | L18: HR | M18: Human Resources | N18: STAFF-140 | O18: 140 | P18: Female | Q18: Manager | R18: Married | S18: No | T18: Y | U18: 3 | V18: -2 | W18: 0 | X18: 59 | Y18: 0 | Z18: 0 | AA18: 0 | AB18: 1 | AC18: 1420 | AD18: 2 | AE18: Master's Degree | AF18: 1 | AG18: 3 | AH18: 32 | AI18: 2 | AJ18: 5 | AK18: 4 | AL18: 18844 | AM18: 21922 | AN18: 9 | AO18: 21 | AP18: 4 | AQ18: 4 | AR18: 80 | AS18: 1 | AT18: 30 | AU18: 3 | AV18: 3 | AW18: 2 | AX18: 2 | AY18: 2
C19: STAFF-8
C20: begin with b | D20: {=_xlfn._xlws.FILTER(B40:G48,LEFT(F40:F48,1)="b")} -> Sales Executive | E20: 10000 | F20: bob brown | G20: STAFF-2 | H20: bob | I20: brown
D21: Healthcare Representative | E21: 23000 | F21: barel been | G21: STAFF-6 | H21: barel | I21: been
H38: {=_xlfn.XLOOKUP(E42,E40:E48,B40:G48)} -> Research Scientist | I38: 30000 | J38: alice johnson | K38: STAFF-3 | L38: alice | M38: johnson
B39: Job Role | C39: salary | D39: name | E39: =[1]!Table_1[[#Headers],[emp no]] -> emp no | F39: Fname | G39: Lname | H39: {=_xlfn._xlws.FILTER([1]!Table_1[[CF_attrition label]:[Job Role]],[1]!Table_1[emp no]="STAFF-32")} -> Current Employees | I39: R&D | J39: Other | K39: STAFF-32 | L39: 32 | M39: Female | N39: Manager
B40: Human Resources | C40: 12000 | D40: john doe | E40: STAFF-1 | F40: john | G40: doe | H40: =MIN([1]!Table_1[Monthly Income]) -> 1009
B41: Sales Executive | C41: 10000 | D41: bob brown | E41: STAFF-2 | F41: bob | G41: brown | H41: =MAX([1]!Table_1[Monthly Income]) -> 19999 | J41: {=_xlfn.TAKE(_xlfn._xlws.SORT([1]!Table_1[Monthly Income],,-1),5)} -> 19999 | L41: MALE | M41: FEMALE
B42: Research Scientist | C42: 30000 | D42: alice johnson | E42: STAFF-3 | F42: alice | G42: johnson | H42: =LARGE([1]!Table_1[Monthly Income],1) -> 19999 | J42: 19999 | L42: =_xlfn.MINIFS([1]!Table_1[Monthly Income],[1]!Table_1[Gender],"Male") -> 1009 | M42: =_xlfn.MINIFS([1]!Table_1[Monthly Income],[1]!Table_1[Gender],"Female") -> 1129
B43: Sales Representative | C43: 25000 | D43: alen smith | E43: STAFF-4 | F43: alen | G43: smith | H43: =LARGE([1]!Table_1[Monthly Income],2) -> 19999 | J43: 19973 | L43: =_xlfn.MAXIFS([1]!Table_1[Monthly Income],[1]!Table_1[Gender],"Male") -> 19999 | M43: =_xlfn.MAXIFS([1]!Table_1[Monthly Income],[1]!Table_1[Gender],"Female") -> 19999
B44: Laboratory Technician | C44: 30000 | D44: cob brew | E44: STAFF-5 | F44: cob | G44: brew | H44: =LARGE([1]!Table_1[Monthly Income],3) -> 19973 | J44: 19943 | L44: {=_xlfn.TAKE(_xlfn._xlws.FILTER([1]!Table_1[Monthly Income],[1]!Table_1[Gender]="Male"),3)} -> 5130 | M44: {=LARGE(_xlfn._xlws.FILTER([1]!Table_1[Monthly Income],[1]!Table_1[Gender]="Female"),3)} -> 19943
B45: Healthcare Representative | C45: 23000 | D45: barel been | E45: STAFF-6 | F45: barel | G45: been | J45: 19859 | L45: 2090
B46: Manufacturing Director | C46: 19000 | D46: david jen | E46: STAFF-7 | F46: david | G46: jen | L46: 3468
B47: Manager | C47: 32000 | D47: michael stan | E47: STAFF-8 | F47: michael | G47: stan
B48: Research Director | C48: 15000 | D48: lana rey | E48: STAFF-9 | F48: lana | G48: rey | K48: {=TRANSPOSE(_xlfn.XLOOKUP(E42,E40:E48,B40:G48))} -> Research Scientist
K49: 30000
B50: EMP ID | C50: STAFF-0 | E50: =MATCH(G45,G40:G48,0) -> 6 | F50: which num lname been is | K50: alice johnson
B51: fname | C51: =_xlfn.XLOOKUP(C50,E40:E48,F40:F48) -> #N/A | E51: =INDEX(E40:E48,6) -> STAFF-6 | K51: STAFF-3
B52: lname | C52: =_xlfn.XLOOKUP(C50,E40:E48,G40:G48,"not found") -> not found | E52: =INDEX(E40:E48,MATCH(G45,G40:G48,0)) -> STAFF-6 | H52: lookups for one matching | K52: alice
B53: dept | C53: =_xlfn.XLOOKUP(C50,E40:E48,B40:B48) -> #N/A | E53: =INDEX(B40:B48,MATCH(G45,G40:G48,0)) -> Healthcare Representative | H53: for all match,use filter | K53: johnson
B54: salary | C54: =_xlfn.XLOOKUP(C50,E40:E48,C40:C48) -> #N/A | E54: =INDEX(C40:C48,MATCH(G45,G40:G48,0)) -> 23000

Sheet Background 3

Sheet Background 4
